{
    "tables": {
        "ErrorQueueLogs": {
            "tableName": "ErrorQueueLogs",
            "schema": {
                "id": {
                    "primaryKey": true,
                    "defaultValue": {
                        "internal": true,
                        "value": "Sequelize.UUIDV4"
                    },
                    "field": "id",
                    "seqType": "Sequelize.UUID"
                },
                "payload": {
                    "allowNull": false,
                    "field": "payload",
                    "seqType": "Sequelize.TEXT"
                },
                "error": {
                    "allowNull": false,
                    "field": "error",
                    "seqType": "Sequelize.STRING"
                },
                "createdAt": {
                    "allowNull": false,
                    "field": "createdAt",
                    "seqType": "Sequelize.DATE"
                },
                "updatedAt": {
                    "allowNull": false,
                    "field": "updatedAt",
                    "seqType": "Sequelize.DATE"
                }
            },
            "indexes": []
        },
        "Foobars": {
            "tableName": "Foobars",
            "schema": {
                "id": {
                    "autoIncrement": true,
                    "unique": true,
                    "primaryKey": true,
                    "field": "id",
                    "seqType": "Sequelize.BIGINT"
                },
                "name": {
                    "field": "name",
                    "seqType": "Sequelize.STRING"
                },
                "createdAt": {
                    "allowNull": false,
                    "field": "createdAt",
                    "seqType": "Sequelize.DATE"
                },
                "updatedAt": {
                    "allowNull": false,
                    "field": "updatedAt",
                    "seqType": "Sequelize.DATE"
                }
            },
            "indexes": []
        }
    },
    "revision": 1
}